,Date,Open,High,Low,Close,Volume,Dividends,Stock Splits
0,2023-08-20,992.9681396484375,236493.171875,24.414321899414062,11492.6806640625,17605,0.0,0.0
1,2023-08-21,11493.255859375,28578.72265625,0.09620799869298935,1.0495680570602417,12593,0.0,0.0
2,2023-08-22,1.0496840476989746,1.0545200109481812,0.9871770143508911,1.0109809637069702,2472240,0.0,0.0
3,2023-08-23,1.0109809637069702,1.0389080047607422,1.00803804397583,1.0300019979476929,3306455,0.0,0.0
4,2023-08-24,1.0301270484924316,1.031048059463501,1.005537986755371,1.0159209966659546,3300517,0.0,0.0
5,2023-08-25,1.0157469511032104,1.0235780477523804,1.0025080442428589,1.0082420110702515,2102606,0.0,0.0
6,2023-08-26,1.0082420110702515,1.0180339813232422,1.0052369832992554,1.007707953453064,963198,0.0,0.0
7,2023-08-27,1.007707953453064,1.0324070453643799,1.0076930522918701,1.024520993232727,1187301,0.0,0.0
8,2023-08-28,1.0244439840316772,1.0260109901428223,1.004796028137207,1.0241780281066895,1576227,0.0,0.0
9,2023-08-29,1.023911952972412,1.0580799579620361,1.0044130086898804,1.007045030593872,4436957,0.0,0.0
10,2023-08-30,1.007006049156189,1.0152790546417236,0.9866979718208313,1.0152390003204346,2257083,0.0,0.0
11,2023-08-31,1.0151050090789795,1.0226500034332275,0.9888560175895691,1.0029560327529907,3044374,0.0,0.0
12,2023-09-01,1.003095030784607,1.0064150094985962,0.9742680191993713,0.9922130107879639,2514559,0.0,0.0
13,2023-09-02,0.9922249913215637,1.0000649690628052,0.9922249913215637,0.9991040229797363,1208017,0.0,0.0
14,2023-09-03,0.9992129802703857,1.00599205493927,0.9982550144195557,1.0034990310668945,1319578,0.0,0.0
15,2023-09-04,1.0034970045089722,1.006024956703186,0.9931290149688721,0.9995549917221069,1487075,0.0,0.0
16,2023-09-05,0.9995070099830627,1.0103440284729004,0.991051971912384,1.00246000289917,1436328,0.0,0.0
17,2023-09-06,1.0025650262832642,1.0249149799346924,1.0002870559692383,1.012099027633667,1756808,0.0,0.0
18,2023-09-07,1.0118030309677124,1.0394320487976074,0.9997850060462952,1.0027949810028076,2112539,0.0,0.0
19,2023-09-08,1.0027790069580078,1.0039399862289429,0.999193012714386,0.999297022819519,2977543,0.0,0.0
20,2023-09-09,0.9993029832839966,1.001389980316162,0.9972699880599976,0.9990419745445251,1335763,0.0,0.0
21,2023-09-10,0.9990419745445251,0.9996680021286011,0.998071014881134,0.9987080097198486,1518119,0.0,0.0
22,2023-09-11,0.9987009763717651,1.0005040168762207,0.9966880083084106,0.9994029998779297,4709416,0.0,0.0
23,2023-09-12,0.9994360208511353,1.0026309490203857,0.9982839822769165,0.9993680119514465,5128956,0.0,0.0
24,2023-09-13,0.9995890259742737,1.002295970916748,0.998540997505188,1.0017249584197998,3830718,0.0,0.0
25,2023-09-14,1.001710057258606,1.0034650564193726,0.9994369745254517,1.0024880170822144,3439526,0.0,0.0
26,2023-09-15,1.0024900436401367,1.0033420324325562,0.9987099766731262,0.9989190101623535,7653095,0.0,0.0
27,2023-09-16,0.9988890290260315,1.0006630420684814,0.9978669881820679,0.9989200234413147,1040619,0.0,0.0
28,2023-09-17,0.9989039897918701,1.0001280307769775,0.9976789951324463,0.9992259740829468,1188921,0.0,0.0
29,2023-09-21,0.9995920062065125,1.0013240575790405,0.9977210164070129,0.9999759793281555,3653517,0.0,0.0
30,2023-09-22,0.9999639987945557,1.0011229515075684,0.9989569783210754,0.999904990196228,3482569,0.0,0.0
31,2023-09-23,0.9998779892921448,1.002403974533081,0.9997130036354065,1.000588059425354,3702908,0.0,0.0
32,2023-09-24,1.0005849599838257,1.0014829635620117,1.0002789497375488,1.000905990600586,5007942,0.0,0.0
33,2023-09-25,1.000885009765625,1.0014820098876953,0.9991210103034973,0.9997770190238953,3208647,0.0,0.0
34,2023-09-26,0.9997230172157288,1.0010579824447632,0.9980180263519287,1.0010030269622803,4839837,0.0,0.0
35,2023-09-27,1.0009829998016357,1.001217007637024,0.9962440133094788,1.0001219511032104,3010892,0.0,0.0
36,2023-09-28,1.0001070499420166,1.0056560039520264,1.0000929832458496,1.0003620386123657,4154957,0.0,0.0
37,2023-09-29,1.0003869533538818,1.0016870498657227,0.9984599947929382,0.9997379779815674,2801029,0.0,0.0
38,2023-09-30,0.9997490048408508,1.0010919570922852,0.9978539943695068,0.9989870190620422,1453481,0.0,0.0
39,2023-10-01,0.998947024345398,1.0008599758148193,0.9985179901123047,0.9990180134773254,2118660,0.0,0.0
40,2023-10-02,0.9990050196647644,1.0034619569778442,0.9949460029602051,1.0015020370483398,4448986,0.0,0.0
41,2023-10-03,1.001481056213379,1.0016119480133057,0.996379017829895,0.9986640214920044,2740302,0.0,0.0
42,2023-10-04,0.9986649751663208,1.0004910230636597,0.9956420063972473,0.9983299970626831,3510592,0.0,0.0
43,2023-10-05,0.9983720183372498,1.0005019903182983,0.9967449903488159,0.9995800256729126,6008780,0.0,0.0
44,2023-10-06,0.9995790123939514,1.002215027809143,0.9980549812316895,0.9998440146446228,3195244,0.0,0.0
45,2023-10-07,0.9998319745063782,1.0002919435501099,0.9978520274162292,0.9998819828033447,1640025,0.0,0.0
46,2023-10-08,0.9999009966850281,1.0006510019302368,0.9977449774742126,0.9994450211524963,1981617,0.0,0.0
47,2023-10-09,0.9994320273399353,1.0017989873886108,0.9986220002174377,1.0003529787063599,3197355,0.0,0.0
48,2023-10-10,1.0003360509872437,1.0008920431137085,0.9983909726142883,0.9999719858169556,2332178,0.0,0.0
49,2023-10-11,0.9999690055847168,1.0006459951400757,0.9977999925613403,1.0001440048217773,3569274,0.0,0.0
50,2023-10-12,1.0001189708709717,1.0005450248718262,0.9983239769935608,0.99959397315979,1119263,0.0,0.0
51,2023-10-13,0.9995790123939514,1.000823974609375,0.9979079961776733,0.9983170032501221,2340307,0.0,0.0
52,2023-10-14,0.9983100295066833,1.0001729726791382,0.9980909824371338,0.9998779892921448,1245282,0.0,0.0
53,2023-10-15,0.9998859763145447,1.0028120279312134,0.999330997467041,1.0004550218582153,1692023,0.0,0.0
54,2023-10-16,1.0004830360412598,1.0020819902420044,0.9986670017242432,0.999888002872467,6946769,0.0,0.0
55,2023-10-17,0.9998520016670227,1.0006279945373535,0.9980930089950562,0.9984210133552551,3666891,0.0,0.0
56,2023-10-18,0.9984250068664551,0.9993109703063965,0.9962009787559509,0.9989039897918701,2637569,0.0,0.0
57,2023-10-19,0.9989010095596313,1.0012849569320679,0.9978479743003845,1.000162959098816,3386286,0.0,0.0
58,2023-10-20,1.0002330541610718,1.0006879568099976,0.9986270070075989,0.9991130232810974,4927423,0.0,0.0
59,2023-10-21,0.9991049766540527,1.0008749961853027,0.9983180165290833,0.9986039996147156,3175251,0.0,0.0
60,2023-10-22,0.9985949993133545,1.0017009973526,0.9978970289230347,1.0010639429092407,2413680,0.0,0.0
61,2023-10-23,1.0005650520324707,1.006672978401184,0.9986569881439209,1.0006970167160034,8397177,0.0,0.0
62,2023-10-24,1.0005359649658203,1.0023030042648315,0.9977650046348572,1.0011069774627686,11092473,0.0,0.0
63,2023-10-25,1.0012060403823853,1.001373052597046,0.9969260096549988,0.9975360035896301,5352287,0.0,0.0
64,2023-10-26,0.9975590109825134,1.001121997833252,0.9970600008964539,0.9996320009231567,4287633,0.0,0.0
65,2023-10-27,0.999629020690918,1.0002529621124268,0.9967210292816162,0.9991539716720581,3461753,0.0,0.0
66,2023-10-28,0.9991549849510193,0.9999960064888,0.9983140230178833,0.9989699721336365,2408425,0.0,0.0
67,2023-10-29,0.99897700548172,1.0004960298538208,0.9979709982872009,0.9982550144195557,1917935,0.0,0.0
68,2023-10-30,0.9982749819755554,1.001101016998291,0.9981669783592224,0.9995059967041016,3712883,0.0,0.0
69,2023-10-31,0.9995279908180237,1.0009020566940308,0.997767984867096,1.0001980066299438,2506233,0.0,0.0
70,2023-11-01,1.000177025794983,1.0011650323867798,0.998000979423523,0.9994339942932129,5662037,0.0,0.0
71,2023-11-02,0.9994350075721741,1.0020569562911987,0.9971510171890259,0.9993739724159241,2100909,0.0,0.0
72,2023-11-03,0.9993500113487244,1.0008660554885864,0.9964439868927002,1.0001139640808105,4278308,0.0,0.0
73,2023-11-04,1.000182032585144,1.000722050666809,0.9976900219917297,0.9999369978904724,2420189,0.0,0.0
74,2023-11-05,0.9999399781227112,1.0012990236282349,0.9981619715690613,0.999330997467041,3595366,0.0,0.0
75,2023-11-06,0.9993119835853577,1.0006450414657593,0.9978619813919067,1.0001850128173828,3656902,0.0,0.0
76,2023-11-07,1.0001870393753052,1.0008759498596191,0.998399019241333,0.999330997467041,3595366,0.0,0.0
77,2023-11-08,0.9993119835853577,1.0006450414657593,0.9978619813919067,1.0001850128173828,3656902,0.0,0.0
78,2023-11-09,1.0001870393753052,1.0009510517120361,0.9973899722099304,0.9990429878234863,8996726,0.0,0.0
79,2023-11-10,0.999064028263092,1.001654028892517,0.9982280135154724,1.0002479553222656,4927978,0.0,0.0
80,2023-11-11,1.000257968902588,1.0004990100860596,0.9986379742622375,0.9997410178184509,4481612,0.0,0.0
81,2023-11-12,0.9997119903564453,1.0007929801940918,0.9968479871749878,0.9997929930686951,2722782,0.0,0.0
82,2023-11-13,0.9998279809951782,1.005666971206665,0.9980970025062561,0.9996439814567566,4433470,0.0,0.0
83,2023-11-14,0.9996100068092346,1.0016210079193115,0.996720016002655,0.9991719722747803,4902620,0.0,0.0
84,2023-11-15,0.9991599917411804,1.002540946006775,0.9970359802246094,1.000872015953064,6704558,0.0,0.0
85,2023-11-16,1.000862956047058,1.0014209747314453,0.997035026550293,0.9992009997367859,5992652,0.0,0.0
86,2023-11-17,0.9992499947547913,1.0013079643249512,0.9968670010566711,0.999110996723175,5679939,0.0,0.0
87,2023-11-18,0.9991379976272583,1.000967025756836,0.9969589710235596,0.9986670017242432,2333577,0.0,0.0
88,2023-11-19,0.9986860156059265,1.0008959770202637,0.9982939958572388,1.0008959770202637,4251835,0.0,0.0
89,2023-11-20,1.0008469820022583,1.0015259981155396,0.9990000128746033,0.9995740056037903,5626218,0.0,0.0
90,2023-11-21,0.9995719790458679,1.0013090372085571,0.9981579780578613,0.9981799721717834,5792755,0.0,0.0
91,2023-11-22,0.9981740117073059,1.0025750398635864,0.9972569942474365,0.9996039867401123,6862403,0.0,0.0
92,2023-11-23,0.9995120167732239,1.0014649629592896,0.9949380159378052,0.9951559901237488,5091671,0.0,0.0
93,2023-11-24,0.9951969981193542,0.999472975730896,0.9949039816856384,0.9984390139579773,8637988,0.0,0.0
94,2023-11-25,0.9984840154647827,1.0012320280075073,0.9900509715080261,0.990896999835968,3845929,0.0,0.0
95,2023-11-26,0.9909170269966125,1.0007120370864868,0.9904149770736694,1.000512957572937,5609600,0.0,0.0
96,2023-11-27,1.000493049621582,1.0006870031356812,0.9961829781532288,0.9981589913368225,4859866,0.0,0.0
97,2023-11-28,0.9982249736785889,0.9985529780387878,0.9949920177459717,0.9965959787368774,4722333,0.0,0.0
98,2023-11-29,0.996628999710083,0.9999610185623169,0.995078980922699,0.9996770024299622,4521939,0.0,0.0
99,2023-11-30,0.9996960163116455,0.9999960064888,0.9975029826164246,0.9996560215950012,3438016,0.0,0.0
100,2023-12-01,0.9996730089187622,1.000296950340271,0.996628999710083,0.99891197681427,4189113,0.0,0.0
101,2023-12-02,0.9988870024681091,1.0002249479293823,0.9973629713058472,0.9986940026283264,3916597,0.0,0.0
102,2023-12-03,0.9986749887466431,0.9996610283851624,0.9950720071792603,0.9963039755821228,3654036,0.0,0.0
103,2023-12-04,0.9962670207023621,1.001052975654602,0.9959290027618408,0.9991549849510193,4181065,0.0,0.0
104,2023-12-05,0.9991269707679749,0.9995999932289124,0.9954900145530701,0.9991300106048584,8038939,0.0,0.0
105,2023-12-06,0.999131977558136,1.0005489587783813,0.9946730136871338,0.9977229833602905,7889167,0.0,0.0
106,2023-12-07,0.9977719783782959,1.0022239685058594,0.9970290064811707,0.9999480247497559,7799802,0.0,0.0
107,2023-12-08,0.9999420046806335,1.002653956413269,0.9983320236206055,0.9990839958190918,10455166,0.0,0.0
108,2023-12-09,0.9991000294685364,0.9999160170555115,0.9975150227546692,0.9988880157470703,5872050,0.0,0.0
109,2023-12-10,0.9988600015640259,0.9996770024299622,0.9968309998512268,0.999301016330719,5615962,0.0,0.0
110,2023-12-11,0.9993069767951965,1.0012370347976685,0.9968730211257935,0.9995089769363403,17791227,0.0,0.0
111,2023-12-12,0.9995070099830627,1.001505970954895,0.9982119798660278,0.9984480142593384,13800191,0.0,0.0
112,2023-12-13,0.9984359741210938,1.0046340227127075,0.9955459833145142,1.0034539699554443,15184912,0.0,0.0
113,2023-12-14,1.0034129619598389,1.0038319826126099,0.9982540011405945,1.0006300210952759,13083870,0.0,0.0
114,2023-12-15,1.0006580352783203,1.000830054283142,0.99726402759552,0.998989999294281,6731739,0.0,0.0
115,2023-12-16,0.999023973941803,0.999737024307251,0.9973559975624084,0.9980369806289673,4762479,0.0,0.0
116,2023-12-17,0.9980559945106506,0.9999009966850281,0.9964309930801392,0.9987059831619263,5802975,0.0,0.0
117,2023-12-18,0.9986559748649597,1.000514030456543,0.995917022228241,0.9993450045585632,8984313,0.0,0.0
118,2023-12-19,0.997223973274231,1.0007250308990479,0.9960070252418518,0.9988800287246704,8736197,0.0,0.0
119,2023-12-20,0.9988470077514648,1.0014970302581787,0.9975550174713135,0.9991649985313416,9094286,0.0,0.0
120,2023-12-21,0.9991919994354248,1.0018819570541382,0.9966350197792053,0.9984109997749329,9116204,0.0,0.0
121,2023-12-22,0.9983919858932495,1.0005919933319092,0.9971179962158203,0.9986760020256042,6818896,0.0,0.0
122,2023-12-23,0.998678982257843,0.9996150135993958,0.997780978679657,0.9992420077323914,5374128,0.0,0.0
123,2023-12-24,0.9992240071296692,1.0007200241088867,0.9972119927406311,1.000419020652771,4689720,0.0,0.0
124,2023-12-25,1.0004290342330933,1.001065969467163,0.996749997138977,1.0001599788665771,6121974,0.0,0.0
125,2023-12-26,1.0002069473266602,1.0015389919281006,0.9918789863586426,0.9967740178108215,8237461,0.0,0.0
126,2023-12-27,0.9967870116233826,1.0026129484176636,0.994458019733429,1.0004500150680542,9453652,0.0,0.0
127,2023-12-28,1.000458002090454,1.0023529529571533,0.9974790215492249,0.9990609884262085,10175576,0.0,0.0
128,2023-12-29,0.9990739822387695,0.9999470114707947,0.9945340156555176,0.9979889988899231,12115834,0.0,0.0
129,2023-12-30,0.9979770183563232,1.0021729469299316,0.9966580271720886,0.9999079704284668,7999719,0.0,0.0
130,2023-12-31,0.9998639822006226,1.0014660358428955,0.9970239996910095,1.000764012336731,7296713,0.0,0.0
131,2024-01-01,1.0006630420684814,1.0015360116958618,0.997717022895813,1.0000009536743164,6837413,0.0,0.0
132,2024-01-02,1.000072956085205,1.0035649538040161,0.9985640048980713,0.9994930028915405,18229534,0.0,0.0
133,2024-01-03,0.9994950294494629,1.0011550188064575,0.9939560294151306,0.9959120154380798,16469108,0.0,0.0
134,2024-01-04,0.9958530068397522,1.0022200345993042,0.9956110119819641,0.9984760284423828,16037573,0.0,0.0
135,2024-01-05,0.9983890056610107,1.001829981803894,0.9943270087242126,1.0013320446014404,18004227,0.0,0.0
136,2024-01-06,1.001317024230957,1.0027530193328857,0.9977719783782959,0.9982600212097168,8571971,0.0,0.0
137,2024-01-07,0.9982680082321167,0.9994580149650574,0.9953439831733704,0.9990360140800476,7375818,0.0,0.0
138,2024-01-08,0.9990310072898865,1.0030720233917236,0.9929540157318115,0.999547004699707,20183762,0.0,0.0
139,2024-01-09,0.9995909929275513,1.0006489753723145,0.9973989725112915,0.999701976776123,23345080,0.0,0.0
140,2024-01-10,0.9997029900550842,1.0006719827651978,0.998869001865387,0.9997760057449341,33234146,0.0,0.0
141,2024-01-11,0.9997910261154175,1.0004210472106934,0.9989839792251587,0.9996150135993958,27981643,0.0,0.0
142,2024-01-12,0.9996140003204346,1.0005669593811035,0.9991769790649414,1.000115990638733,24614047,0.0,0.0
143,2024-01-13,1.0001120567321777,1.000535011291504,0.9993590116500854,0.9996569752693176,11729421,0.0,0.0
144,2024-01-14,0.9998700022697449,1.0002729892730713,0.9991269707679749,0.9995359778404236,14522920,0.0,0.0
145,2024-01-15,0.999629020690918,1.00039803981781,0.9988430142402649,0.9998540282249451,11098354,0.0,0.0
146,2024-01-16,0.9998540282249451,1.0002169609069824,0.9990079998970032,0.999567985534668,16197140,0.0,0.0
147,2024-01-17,0.9995669722557068,1.0002679824829102,0.9990119934082031,0.9995669722557068,12804012,0.0,0.0
148,2024-01-18,0.9995669722557068,1.0003050565719604,0.9990469813346863,0.9997400045394897,16212985,0.0,0.0
149,2024-01-19,0.9997400045394897,1.000133991241455,0.9984279870986938,0.9995660185813904,14045187,0.0,0.0
150,2024-01-20,0.9995319843292236,1.000646948814392,0.9961299896240234,0.9961299896240234,5621616,0.0,0.0
151,2024-01-21,0.9961919784545898,0.9995359778404236,0.9959449768066406,0.9992049932479858,4005390,0.0,0.0
152,2024-01-22,0.9992160201072693,1.0002210140228271,0.9958699941635132,0.9994869828224182,17493285,0.0,0.0
153,2024-01-23,0.9994869828224182,1.0003310441970825,0.9977350234985352,0.9983950257301331,12877452,0.0,0.0
154,2024-01-24,0.9984139800071716,1.0002679824829102,0.9969890117645264,0.9985740184783936,15500265,0.0,0.0
155,2024-01-25,0.9985889792442322,1.0001779794692993,0.9976119995117188,0.9980490207672119,8828972,0.0,0.0
156,2024-01-26,0.9979400038719177,1.0000770092010498,0.9972710013389587,0.999584972858429,11596098,0.0,0.0
157,2024-01-27,0.999584972858429,1.0001440048217773,0.9976549744606018,0.9997810125350952,5732625,0.0,0.0
158,2024-01-28,0.9990959763526917,0.9998900294303894,0.9975299835205078,0.9990490078926086,8378039,0.0,0.0
159,2024-01-29,0.9990829825401306,0.9999600052833557,0.9974380135536194,0.9992870092391968,12416535,0.0,0.0
160,2024-01-30,0.9992870092391968,1.0001970529556274,0.9966869950294495,0.9997460246086121,12275677,0.0,0.0
161,2024-01-31,0.9998850226402283,1.0005860328674316,0.9980260133743286,0.9991099834442139,13005538,0.0,0.0
162,2024-02-01,0.9990429878234863,1.0002789497375488,0.9983230233192444,0.9997820258140564,15025789,0.0,0.0
163,2024-02-02,0.9997820258140564,1.0001399517059326,0.9981409907341003,0.9995830059051514,8482273,0.0,0.0
164,2024-02-03,0.9995740056037903,1.000120997428894,0.9980440139770508,0.9997599720954895,5290172,0.0,0.0
165,2024-02-04,0.9997609853744507,1.0009640455245972,0.9965270161628723,0.9990509748458862,5785374,0.0,0.0
166,2024-02-05,0.9989989995956421,1.0001410245895386,0.9968050122261047,0.9989500045776367,10307410,0.0,0.0
167,2024-02-06,0.9989320039749146,1.0000890493392944,0.9975659847259521,0.999210000038147,8204593,0.0,0.0
168,2024-02-07,0.999779999256134,1.000025987625122,0.9975510239601135,0.9985380172729492,9516439,0.0,0.0
169,2024-02-08,0.9985269904136658,1.0021109580993652,0.9975240230560303,0.9998319745063782,12799293,0.0,0.0
170,2024-02-09,0.9998260140419006,1.0002930164337158,0.9992280006408691,0.9999939799308777,19217721,0.0,0.0
171,2024-02-10,0.9999489784240723,1.0002410411834717,0.9961519837379456,0.9961689710617065,7202683,0.0,0.0
172,2024-02-11,0.996163010597229,1.0000050067901611,0.996163010597229,0.9993699789047241,8652789,0.0,0.0
173,2024-02-12,0.9994310140609741,1.000993013381958,0.9984049797058105,0.9992219805717468,21325478,0.0,0.0
174,2024-02-13,0.9992250204086304,1.0010019540786743,0.9990879893302917,1.0002939701080322,17464374,0.0,0.0
175,2024-02-14,1.0002939701080322,1.0004440546035767,0.9989539980888367,0.9999279975891113,20968124,0.0,0.0
176,2024-02-15,0.9999279975891113,1.0001709461212158,0.9990950226783752,0.999754011631012,21631694,0.0,0.0
177,2024-02-16,0.9997349977493286,1.000380039215088,0.998274028301239,0.9986690282821655,17213928,0.0,0.0
178,2024-02-17,0.9986640214920044,1.0001519918441772,0.9984689950942993,0.9998430013656616,14081552,0.0,0.0
179,2024-02-18,0.9998260140419006,1.0005810260772705,0.9980189800262451,0.9989699721336365,7524305,0.0,0.0
180,2024-02-19,0.9990460276603699,0.999875009059906,0.9962360262870789,0.9988729953765869,9874882,0.0,0.0
181,2024-02-20,0.9988729953765869,0.9997400045394897,0.9959239959716797,0.9990779757499695,14666289,0.0,0.0
182,2024-02-21,0.9989269971847534,0.9998080134391785,0.9974520206451416,0.9993389844894409,19732391,0.0,0.0
183,2024-02-22,0.9997649788856506,0.9999340176582336,0.9979329705238342,0.9996430277824402,23193626,0.0,0.0
184,2024-02-23,0.9996529817581177,1.000262975692749,0.9978160262107849,0.99959397315979,10097005,0.0,0.0
185,2024-02-24,0.9995920062065125,0.9999909996986389,0.9965609908103943,0.9994720220565796,6178440,0.0,0.0
186,2024-02-25,0.999472975730896,1.0001070499420166,0.998054027557373,0.9997329711914062,6186433,0.0,0.0
187,2024-02-26,0.9997220039367676,1.0001519918441772,0.9981030225753784,0.9998369812965393,17633917,0.0,0.0
188,2024-02-27,0.9998379945755005,1.0001660585403442,0.9983590245246887,0.9991840124130249,24108960,0.0,0.0
189,2024-02-28,0.9991940259933472,1.0006120204925537,0.9919220209121704,0.9986519813537598,41241104,0.0,0.0
190,2024-02-29,0.9986240267753601,1.0000929832458496,0.9979590177536011,0.9990860223770142,32809033,0.0,0.0
191,2024-03-01,0.9990010261535645,1.0000499486923218,0.9958419799804688,0.9967449903488159,18719342,0.0,0.0
192,2024-03-02,0.9966149926185608,0.9995290040969849,0.9956570267677307,0.9964749813079834,10602430,0.0,0.0
193,2024-03-03,0.9964100122451782,0.9989500045776367,0.9923930168151855,0.9970700144767761,12712508,0.0,0.0
194,2024-03-04,0.9970679879188538,0.9998810291290283,0.9948769807815552,0.9994360208511353,39908169,0.0,0.0
195,2024-03-05,0.9994410276412964,1.0004830360412598,0.9971410036087036,0.9990779757499695,59256791,0.0,0.0
196,2024-03-06,0.9990779757499695,1.0019840002059937,0.9973189830780029,0.9991000294685364,45658781,0.0,0.0
197,2024-03-07,0.9991000294685364,1.0021920204162598,0.9977499842643738,0.9997950196266174,25205430,0.0,0.0
198,2024-03-08,0.9997900128364563,1.0036269426345825,0.9975469708442688,0.9996160268783569,29198969,0.0,0.0
199,2024-03-09,0.9996160268783569,1.000656008720398,0.9975759983062744,0.9987159967422485,17240334,0.0,0.0
200,2024-03-10,0.9987159967422485,0.9998329877853394,0.9956539869308472,0.9958829879760742,16434639,0.0,0.0
201,2024-03-11,0.9958829879760742,1.0010210275650024,0.9957540035247803,0.9988020062446594,34909992,0.0,0.0
202,2024-03-12,0.9988020062446594,0.9997159838676453,0.99583899974823,0.9983680248260498,19795469,0.0,0.0
203,2024-03-13,0.9983680248260498,0.9993529915809631,0.9967280030250549,0.9981809854507446,16497758,0.0,0.0
204,2024-03-14,0.9981809854507446,0.9987840056419373,0.996304988861084,0.9977179765701294,20148216,0.0,0.0
205,2024-03-15,0.9977179765701294,1.0000369548797607,0.9964110255241394,0.9983890056610107,24467239,0.0,0.0
206,2024-03-16,0.9983890056610107,1.0001189708709717,0.9965779781341553,0.9989359974861145,18865394,0.0,0.0
207,2024-03-17,0.9989359974861145,0.9999139904975891,0.9971439838409424,0.9981129765510559,16566982,0.0,0.0
208,2024-03-18,0.998386025428772,1.0001139640808105,0.9956759810447693,0.9988560080528259,13837852,0.0,0.0
209,2024-03-19,0.9988560080528259,1.0020400285720825,0.9966139793395996,0.9994810223579407,20455805,0.0,0.0
210,2024-03-20,0.9994810223579407,1.0017759799957275,0.99617600440979,0.9986220002174377,18827546,0.0,0.0
211,2024-03-21,0.9986220002174377,1.0007389783859253,0.9966830015182495,0.9985190033912659,19615753,0.0,0.0
212,2024-03-22,0.9985290169715881,1.0011579990386963,0.9969689846038818,0.9973509907722473,13435292,0.0,0.0
213,2024-03-23,0.9973509907722473,1.0006990432739258,0.9959840178489685,0.998449981212616,9160554,0.0,0.0
214,2024-03-24,0.998449981212616,1.000270962715149,0.995943009853363,0.9985569715499878,10586127,0.0,0.0
215,2024-03-25,0.9985560178756714,1.0005979537963867,0.9962450265884399,0.9962720274925232,11295132,0.0,0.0
216,2024-03-26,0.9962720274925232,1.000393033027649,0.9961689710617065,0.9991199970245361,13279221,0.0,0.0
217,2024-03-27,0.9991199970245361,0.9999250173568726,0.9967470169067383,0.9988880157470703,13096475,0.0,0.0
218,2024-03-28,0.9988880157470703,1.0001929998397827,0.9969329833984375,0.9992160201072693,10445177,0.0,0.0
219,2024-03-29,0.9992160201072693,1.0011310577392578,0.9973580241203308,0.9995430111885071,10696637,0.0,0.0
220,2024-03-30,0.9995430111885071,1.003311038017273,0.997501015663147,0.9995669722557068,6286555,0.0,0.0
221,2024-03-31,0.9995669722557068,1.0017399787902832,0.9961709976196289,1.000195026397705,6389018,0.0,0.0
222,2024-04-01,1.000195026397705,1.0015959739685059,0.9970200061798096,0.9993990063667297,10770897,0.0,0.0
223,2024-04-02,0.9993990063667297,1.0014259815216064,0.997285008430481,0.9988359808921814,15381924,0.0,0.0
224,2024-04-03,0.9988359808921814,1.000946044921875,0.9961540102958679,0.9993590116500854,12529498,0.0,0.0
225,2024-04-04,0.9993590116500854,1.0000120401382446,0.9973220229148865,0.999206006526947,13668871,0.0,0.0
226,2024-04-05,0.999206006526947,1.0006810426712036,0.9949300289154053,0.9980149865150452,10344137,0.0,0.0
227,2024-04-06,0.9980149865150452,1.0005300045013428,0.9958249926567078,0.9996269941329956,7554309,0.0,0.0
228,2024-04-07,0.9996269941329956,1.0001139640808105,0.9970430135726929,0.9992560148239136,7904459,0.0,0.0
229,2024-04-08,0.9992560148239136,1.00040602684021,0.9970939755439758,0.9988020062446594,14954223,0.0,0.0
230,2024-04-09,0.9988020062446594,1.000741958618164,0.9971749782562256,0.9990839958190918,11361685,0.0,0.0
231,2024-04-10,0.9990839958190918,1.0014280080795288,0.9973430037498474,0.9998959898948669,13382421,0.0,0.0
232,2024-04-11,0.9998959898948669,1.0008440017700195,0.9980199933052063,0.998757004737854,18539328,0.0,0.0
233,2024-04-12,0.998757004737854,1.0000840425491333,0.9967820048332214,0.9977930188179016,14762733,0.0,0.0
234,2024-04-13,0.9977930188179016,1.0015300512313843,0.9973840117454529,0.9994149804115295,26186801,0.0,0.0
235,2024-04-14,0.9994149804115295,1.001204013824463,0.9968349933624268,0.9982479810714722,17146104,0.0,0.0
236,2024-04-15,0.9982479810714722,1.0008959770202637,0.9972479939460754,0.999226987361908,18939838,0.0,0.0
237,2024-04-16,0.999226987361908,1.0010910034179688,0.9973520040512085,0.9992769956588745,21812458,0.0,0.0
238,2024-04-17,0.9992740154266357,1.0004080533981323,0.9981989860534668,0.999243974685669,42470777,0.0,0.0
239,2024-04-18,0.999243974685669,0.9999560117721558,0.9985690116882324,0.9991840124130249,46320107,0.0,0.0
240,2024-04-19,0.9991840124130249,1.000736951828003,0.9984250068664551,0.99959397315979,31656131,0.0,0.0
241,2024-04-20,0.99959397315979,1.0009039640426636,0.9987210035324097,0.9996430277824402,13887539,0.0,0.0
242,2024-04-21,0.9996430277824402,1.000560998916626,0.9984210133552551,0.9993759989738464,14362805,0.0,0.0
243,2024-04-22,0.9993759989738464,1.0007439851760864,0.9982849955558777,0.9991229772567749,14657917,0.0,0.0
244,2024-04-23,0.9991229772567749,1.0001709461212158,0.9979730248451233,0.9985859990119934,12317709,0.0,0.0
245,2024-04-24,0.998583972454071,1.000349998474121,0.997937023639679,0.9989849925041199,15866665,0.0,0.0
246,2024-04-25,0.9989849925041199,1.0005539655685425,0.997855007648468,0.9987279772758484,10015802,0.0,0.0
247,2024-04-26,0.9987279772758484,1.0003310441970825,0.9970859885215759,0.9990019798278809,13714920,0.0,0.0
248,2024-04-27,0.9990019798278809,0.9999819993972778,0.9974219799041748,0.9982640147209167,11313906,0.0,0.0
249,2024-04-28,0.9982640147209167,0.9990389943122864,0.9966359734535217,0.9975900053977966,7281548,0.0,0.0
250,2024-04-29,0.9975900053977966,0.9996140003204346,0.9948390126228333,0.9981110095977783,12900644,0.0,0.0
251,2024-04-30,0.9981110095977783,1.0001670122146606,0.9980790019035339,0.9993100166320801,24243902,0.0,0.0
252,2024-05-01,0.9993100166320801,1.0010240077972412,0.9971309900283813,0.9994969964027405,23626289,0.0,0.0
253,2024-05-02,0.9994969964027405,1.0008519887924194,0.9978399872779846,0.9992579817771912,11148515,0.0,0.0
254,2024-05-03,0.9992579817771912,1.0004040002822876,0.9963359832763672,0.9997900128364563,12524125,0.0,0.0
255,2024-05-04,0.9997900128364563,1.0006190538406372,0.998278021812439,0.9989780187606812,11174445,0.0,0.0
256,2024-05-05,0.9989780187606812,0.9997559785842896,0.9959480166435242,0.9969750046730042,8187853,0.0,0.0
257,2024-05-06,0.996982991695404,1.001431941986084,0.996783971786499,0.9980159997940063,9212410,0.0,0.0
258,2024-05-07,0.9980159997940063,1.00130295753479,0.9970499873161316,0.9990649819374084,18977537,0.0,0.0
259,2024-05-08,0.9990649819374084,1.0002870559692383,0.9968060255050659,0.9980040192604065,10695106,0.0,0.0
260,2024-05-09,0.9980040192604065,1.0000779628753662,0.996408998966217,0.9991530179977417,10940054,0.0,0.0
261,2024-05-10,0.9991530179977417,1.0002039670944214,0.9963840246200562,0.9966210126876831,8839327,0.0,0.0
262,2024-05-11,0.9966210126876831,0.9990559816360474,0.9956700205802917,0.9967809915542603,6387062,0.0,0.0
263,2024-05-12,0.9967790246009827,0.9987670183181763,0.994966983795166,0.9977880120277405,9937579,0.0,0.0
264,2024-05-13,0.9977880120277405,0.9998509883880615,0.9966070055961609,0.9986429810523987,12665447,0.0,0.0
265,2024-05-14,0.9986429810523987,1.0075490474700928,0.9970329999923706,0.9989240169525146,11988164,0.0,0.0
266,2024-05-15,0.9989240169525146,1.0005019903182983,0.9972249865531921,0.9982179999351501,11169586,0.0,0.0
267,2024-05-16,0.9982410073280334,0.999783992767334,0.9973750114440918,0.999006986618042,16639790,0.0,0.0
268,2024-05-17,0.999006986618042,0.9997990131378174,0.9981849789619446,0.9987919926643372,10569566,0.0,0.0
269,2024-05-18,0.9987919926643372,0.9996830224990845,0.997035026550293,0.9994829893112183,4466656,0.0,0.0
270,2024-05-19,0.9994829893112183,1.0002429485321045,0.9981070160865784,0.9990479946136475,8349770,0.0,0.0
271,2024-05-20,0.9990479946136475,1.0016520023345947,0.9981459975242615,0.9998940229415894,11792069,0.0,0.0
272,2024-05-21,0.9998940229415894,1.0016909837722778,0.9987930059432983,1.0001360177993774,11898903,0.0,0.0
273,2024-05-22,1.0001360177993774,1.0011399984359741,0.9993489980697632,0.9998239874839783,14571820,0.0,0.0
274,2024-05-23,0.9998239874839783,1.00075101852417,0.9980379939079285,0.9992740154266357,16354527,0.0,0.0
275,2024-05-24,0.9992740154266357,1.000419020652771,0.9975209832191467,0.9995530247688293,8554922,0.0,0.0
276,2024-05-25,0.9995530247688293,1.0001740455627441,0.9986410140991211,0.9989190101623535,6893766,0.0,0.0
277,2024-05-26,0.9989190101623535,0.9997109770774841,0.9972530007362366,0.9994649887084961,5861163,0.0,0.0
278,2024-05-27,0.9994649887084961,1.000175952911377,0.996969997882843,0.9980980157852173,7738647,0.0,0.0
279,2024-05-28,0.9980980157852173,1.0009839534759521,0.9958000183105469,0.997422993183136,10361861,0.0,0.0
280,2024-05-29,0.997422993183136,0.9992709755897522,0.9962999820709229,0.997868001461029,19853318,0.0,0.0
281,2024-05-30,0.997868001461029,0.9991040229797363,0.9974150061607361,0.9988669753074646,11665421,0.0,0.0
282,2024-05-31,0.9988229870796204,0.9991040229797363,0.9966999888420105,0.9982550144195557,20547685,0.0,0.0
283,2024-06-01,0.9982550144195557,0.9983100295066833,0.9959530234336853,0.9962199926376343,9251083,0.0,0.0
284,2024-06-02,0.9962249994277954,0.9982560276985168,0.9949359893798828,0.9976710081100464,8486314,0.0,0.0
285,2024-06-03,0.9976710081100464,0.998835027217865,0.9952300190925598,0.9980909824371338,15558052,0.0,0.0
286,2024-06-04,0.9980909824371338,0.999875009059906,0.9972249865531921,0.9987279772758484,13517372,0.0,0.0
287,2024-06-05,0.9987279772758484,0.9994210004806519,0.995872974395752,0.9989609718322754,24278925,0.0,0.0
288,2024-06-06,0.9989609718322754,0.9998570084571838,0.9977869987487793,0.9992539882659912,13192051,0.0,0.0
289,2024-06-07,0.9992539882659912,0.9996410012245178,0.9968889951705933,0.9978950023651123,15262244,0.0,0.0
290,2024-06-08,0.9978299736976624,0.9992300271987915,0.9963470101356506,0.9991989731788635,8315439,0.0,0.0
291,2024-06-09,0.9992070198059082,0.9993039965629578,0.9979329705238342,0.9988080263137817,7677327,0.0,0.0
292,2024-06-10,0.9988120198249817,0.9991310238838196,0.9970020055770874,0.9976440072059631,11712320,0.0,0.0
293,2024-06-11,0.9976540207862854,0.9982119798660278,0.9969840049743652,0.9975510239601135,23299666,0.0,0.0
294,2024-06-12,0.9978989958763123,0.9986720085144043,0.9963470101356506,0.9969120025634766,19910297,0.0,0.0
295,2024-06-13,0.9969239830970764,0.9989950060844421,0.9969189763069153,0.998615026473999,29397422,0.0,0.0
296,2024-06-14,0.9986050128936768,0.9994230270385742,0.9976680278778076,0.9990869760513306,11371334,0.0,0.0
297,2024-06-15,0.9990839958190918,0.9999759793281555,0.9972050189971924,0.9980159997940063,4421443,0.0,0.0
298,2024-06-16,0.9980859756469727,0.9990950226783752,0.9945189952850342,0.9966040253639221,3906743,0.0,0.0
299,2024-06-17,0.9965940117835999,0.9988430142402649,0.9939339756965637,0.9964860081672668,7847500,0.0,0.0
300,2024-06-18,0.9964280128479004,1.0000779628753662,0.9951580166816711,0.9984279870986938,7598218,0.0,0.0
301,2024-06-19,0.9984130263328552,0.9989989995956421,0.9945979714393616,0.9971839785575867,9549540,0.0,0.0
302,2024-06-20,0.9971839785575867,0.9989129900932312,0.9963780045509338,0.9980940222740173,9520903,0.0,0.0
303,2024-06-21,0.998071014881134,0.9987199902534485,0.9927440285682678,0.9953809976577759,6680215,0.0,0.0
304,2024-06-22,0.9955350160598755,0.9985849857330322,0.9937199950218201,0.9964410066604614,3327998,0.0,0.0
305,2024-06-23,0.9964169859886169,0.9979339838027954,0.994055986404419,0.9967679977416992,3223595,0.0,0.0
306,2024-06-24,0.9968429803848267,0.9991340041160583,0.995186984539032,0.997560977935791,11094199,0.0,0.0
307,2024-06-25,0.9975370168685913,0.9992030262947083,0.9962080121040344,0.9987329840660095,10480806,0.0,0.0
308,2024-06-26,0.9987310171127319,0.9992560148239136,0.9950469732284546,0.9952660202980042,6200059,0.0,0.0
309,2024-06-27,0.9952980279922485,0.9991520047187805,0.9952980279922485,0.9988790154457092,16958988,0.0,0.0
310,2024-06-28,0.9988999962806702,0.9998090267181396,0.9983260035514832,0.999101996421814,65428685,0.0,0.0
311,2024-06-29,0.9990919828414917,0.9993590116500854,0.9958379864692688,0.9976069927215576,5074804,0.0,0.0
312,2024-06-30,0.9976230263710022,0.9991899728775024,0.9955940246582031,0.9973120093345642,5642334,0.0,0.0
313,2024-07-01,0.9986510276794434,0.9994149804115295,0.9959229826927185,0.9986730217933655,11830233,0.0,0.0
314,2024-07-02,0.9978650212287903,0.9997829794883728,0.9973859786987305,0.9993990063667297,29212439,0.0,0.0
315,2024-07-03,0.9994040131568909,0.9997429847717285,0.997402012348175,0.9986270070075989,10077539,0.0,0.0
316,2024-07-04,0.9985780119895935,0.9996989965438843,0.997635006904602,0.9987649917602539,16842295,0.0,0.0
317,2024-07-05,0.9985920190811157,1.0000150203704834,0.997402012348175,0.9982619881629944,16210557,0.0,0.0
318,2024-07-06,0.9984509944915771,0.9998250007629395,0.9975249767303467,0.9975249767303467,7242103,0.0,0.0
319,2024-07-07,0.9975150227546692,0.9988210201263428,0.9945510029792786,0.9980940222740173,7117033,0.0,0.0
320,2024-07-08,0.9980559945106506,1.0006849765777588,0.9967060089111328,0.9992750287055969,13708775,0.0,0.0
321,2024-07-09,0.9992550015449524,1.0000619888305664,0.9969379901885986,0.9978110194206238,7609777,0.0,0.0
322,2024-07-10,0.9978160262107849,0.999970018863678,0.9977309703826904,0.9981489777565002,8009394,0.0,0.0
323,2024-07-11,0.9981639981269836,1.0007230043411255,0.9978179931640625,0.9993460178375244,12794721,0.0,0.0
324,2024-07-12,0.9993410110473633,1.0000920295715332,0.9974480271339417,0.9990019798278809,8060265,0.0,0.0
325,2024-07-13,0.9989979863166809,0.9999949932098389,0.9975429773330688,0.999858021736145,10699759,0.0,0.0
326,2024-07-14,0.9998769760131836,1.000120997428894,0.9971050024032593,0.9996790289878845,6497392,0.0,0.0
327,2024-07-15,0.999688982963562,1.0002169609069824,0.9967820048332214,0.9993510246276855,24891679,0.0,0.0
328,2024-07-16,0.9994040131568909,1.0002549886703491,0.9990320205688477,0.999862015247345,12778611,0.0,0.0
329,2024-07-17,0.9998700022697449,1.0002620220184326,0.9986670017242432,0.9999650120735168,8906828,0.0,0.0
330,2024-07-18,0.9999819993972778,1.0004620552062988,0.9970160126686096,0.9975870251655579,5969417,0.0,0.0
331,2024-07-19,0.9974619746208191,1.0019700527191162,0.9971259832382202,0.9979760050773621,7422539,0.0,0.0
332,2024-07-20,0.9979760050773621,1.0005199909210205,0.9966409802436829,0.9969459772109985,4297487,0.0,0.0
333,2024-07-21,0.9969459772109985,1.0008180141448975,0.9964039921760559,0.9978049993515015,6900219,0.0,0.0
334,2024-07-22,0.9978049993515015,1.0011839866638184,0.996275007724762,0.9995279908180237,6331114,0.0,0.0
335,2024-07-23,0.9995279908180237,1.0011730194091797,0.9954059720039368,0.9993780255317688,20304599,0.0,0.0
336,2024-07-24,0.9993810057640076,1.000095009803772,0.9987090229988098,0.9994770288467407,8438215,0.0,0.0
337,2024-07-25,0.9994770288467407,1.0001790523529053,0.9977869987487793,0.9993240237236023,11415696,0.0,0.0
338,2024-07-26,0.9993240237236023,1.0007829666137695,0.9976649880409241,0.999779999256134,11667969,0.0,0.0
339,2024-07-27,0.999779999256134,1.002769947052002,0.998278021812439,0.9997869729995728,11097707,0.0,0.0
340,2024-07-28,0.9997869729995728,1.0007109642028809,0.9977719783782959,0.999288022518158,6019997,0.0,0.0
341,2024-07-29,0.999288022518158,1.0004199743270874,0.9973909854888916,0.9995329976081848,15410175,0.0,0.0
342,2024-07-30,0.999550998210907,1.001734972000122,0.9983630180358887,1.00006103515625,8408089,0.0,0.0
343,2024-07-31,1.0000760555267334,1.0019210577011108,0.9972689747810364,1.0003039836883545,11025994,0.0,0.0
344,2024-08-01,1.0003039836883545,1.0022200345993042,0.9991819858551025,1.000309944152832,17518562,0.0,0.0
345,2024-08-02,1.000309944152832,1.0016369819641113,0.9990329742431641,1.0008050203323364,25473960,0.0,0.0
346,2024-08-03,1.0008050203323364,1.0049489736557007,0.9957600235939026,1.000656008720398,16916181,0.0,0.0
347,2024-08-04,1.000656008720398,1.0014530420303345,0.998665988445282,0.999737024307251,10972467,0.0,0.0
348,2024-08-05,0.999737024307251,1.0027140378952026,0.9983850121498108,1.0002139806747437,64276584,0.0,0.0
349,2024-08-06,1.0002139806747437,1.0021849870681763,0.9990990161895752,1.0000979900360107,32452416,0.0,0.0
350,2024-08-07,1.0000849962234497,1.0025780200958252,0.999422013759613,0.9997779726982117,30887390,0.0,0.0
351,2024-08-08,0.9997779726982117,1.0077459812164307,0.9976069927215576,0.9999510049819946,29326444,0.0,0.0
352,2024-08-09,0.9999510049819946,1.0025049448013306,0.9990190267562866,1.0000059604644775,35723726,0.0,0.0
353,2024-08-10,1.0000059604644775,1.0013079643249512,0.9985629916191101,0.9992579817771912,14003613,0.0,0.0
354,2024-08-11,0.9992960095405579,1.0045909881591797,0.9981330037117004,1.0002590417861938,19929659,0.0,0.0
355,2024-08-12,1.0002590417861938,1.0012129545211792,0.998013973236084,0.9999579787254333,37396968,0.0,0.0
356,2024-08-13,0.9999579787254333,1.0038650035858154,0.9983459711074829,1.000241994857788,32318779,0.0,0.0
357,2024-08-14,1.000241994857788,1.0014450550079346,0.9954289793968201,0.9999840259552002,27986368,0.0,0.0
358,2024-08-15,0.9999840259552002,1.0007469654083252,0.9987540245056152,0.9996430277824402,40720048,0.0,0.0
359,2024-08-16,0.9996430277824402,1.0016299486160278,0.9987180233001709,1.0002310276031494,47438056,0.0,0.0
360,2024-08-17,1.0002310276031494,1.0005090236663818,0.9984719753265381,0.9999240040779114,33665207,0.0,0.0
361,2024-08-18,0.9999240040779114,1.000473976135254,0.998956024646759,1.000074028968811,19400524,0.0,0.0
362,2024-08-19,1.000074028968811,1.0011260509490967,0.9991859793663025,1.0003039836883545,42511076,0.0,0.0
363,2024-08-20,1.0004539489746094,1.0006400346755981,0.9985250234603882,0.9999989867210388,38176091,0.0,0.0
364,2024-08-21,0.9988719820976257,1.000844955444336,0.9984930157661438,1.0002729892730713,81789010,0.0,0.0
365,2024-08-22,1.0002729892730713,1.0027680397033691,0.9989629983901978,0.9999079704284668,33339928,0.0,0.0
366,2024-08-23,0.9999079704284668,1.0005450248718262,0.9996500015258789,1.0002059936523438,28443444,0.0,0.0
367,2024-08-24,1.0002059936523438,1.0003520250320435,0.9997820258140564,1.0000330209732056,47908154,0.0,0.0
368,2024-08-25,1.0000330209732056,1.0023610591888428,0.999064028263092,1.0002880096435547,25711567,0.0,0.0
369,2024-08-26,1.0002880096435547,1.001188039779663,0.9990760087966919,0.9999309778213501,86197170,0.0,0.0
370,2024-08-27,0.9999309778213501,1.0027300119400024,0.9989609718322754,1.0000970363616943,33212853,0.0,0.0
371,2024-08-28,1.0000970363616943,1.0013689994812012,0.9987930059432983,0.9996259808540344,59566432,0.0,0.0
372,2024-08-29,0.9996259808540344,1.0009219646453857,0.9982979893684387,0.9995700120925903,43300360,0.0,0.0
373,2024-08-30,0.9995700120925903,1.0007729530334473,0.9988539814949036,0.9996240139007568,20431719,0.0,0.0
374,2024-08-31,0.9996240139007568,1.000411033630371,0.999118983745575,0.9997180104255676,14812267,0.0,0.0
375,2024-09-01,0.9997180104255676,1.0004589557647705,0.999189019203186,0.9997220039367676,16760128,0.0,0.0
376,2024-09-02,0.9997220039367676,1.0005019903182983,0.9984319806098938,0.9998499751091003,20504664,0.0,0.0
377,2024-09-03,0.9998499751091003,1.0003490447998047,0.9988330006599426,0.9997680187225342,21186764,0.0,0.0
378,2024-09-04,0.9997680187225342,1.0005240440368652,0.9981529712677002,0.9996780157089233,26135395,0.0,0.0
379,2024-09-05,0.9996780157089233,1.0006929636001587,0.998212993144989,0.9998980164527893,24176673,0.0,0.0
380,2024-09-06,0.9998980164527893,1.0012329816818237,0.9956030249595642,0.9998220205307007,63018025,0.0,0.0
381,2024-09-07,0.9998220205307007,1.0000959634780884,0.9992250204086304,0.9997339844703674,15011450,0.0,0.0
382,2024-09-08,0.9997339844703674,1.0025529861450195,0.9990730285644531,0.9999939799308777,13182883,0.0,0.0
383,2024-09-09,0.9999939799308777,1.0017529726028442,0.9940379858016968,1.000133991241455,27572384,0.0,0.0
384,2024-09-10,1.000133991241455,1.0007660388946533,0.9992110133171082,0.9999099969863892,30532935,0.0,0.0
385,2024-09-11,0.9999099969863892,1.0003629922866821,0.9989659786224365,0.9997490048408508,32627402,0.0,0.0
386,2024-09-12,0.9997490048408508,1.0005569458007812,0.9989839792251587,0.9997010231018066,21401466,0.0,0.0
387,2024-09-13,0.9997010231018066,1.000128984451294,0.9990329742431641,0.9997090101242065,30654146,0.0,0.0
388,2024-09-14,0.9997090101242065,1.0005229711532593,0.9993209838867188,0.9995480179786682,18211236,0.0,0.0
389,2024-09-15,0.9995480179786682,1.0004849433898926,0.9983090162277222,0.9995239973068237,24779177,0.0,0.0
390,2024-09-16,0.9995239973068237,1.0005689859390259,0.9992409944534302,0.9998319745063782,24611129,0.0,0.0
391,2024-09-17,0.9998319745063782,1.0011049509048462,0.9986259937286377,0.9990389943122864,10204485,0.0,0.0
392,2024-09-18,0.9990389943122864,1.0004279613494873,0.998121976852417,0.9998270273208618,37362097,0.0,0.0
393,2024-09-19,0.9998270273208618,1.00096595287323,0.9980850219726562,0.9997730255126953,24485079,0.0,0.0
394,2024-09-20,0.9997730255126953,1.0001800060272217,0.9991260170936584,0.999871015548706,25678194,0.0,0.0
395,2024-09-21,0.999871015548706,1.0006630420684814,0.9977560043334961,1.0002299547195435,20291434,0.0,0.0
396,2024-09-22,1.0002299547195435,1.0009510517120361,0.9983749985694885,0.9998999834060669,8437659,0.0,0.0
397,2024-09-23,0.9998999834060669,1.000985026359558,0.999081015586853,0.9997869729995728,25130492,0.0,0.0
398,2024-09-24,0.9998210072517395,1.0003310441970825,0.9985169768333435,0.999879002571106,23721780,0.0,0.0
399,2024-09-25,0.999879002571106,1.0005179643630981,0.9992210268974304,0.9996790289878845,26724233,0.0,0.0
400,2024-09-26,0.9996790289878845,1.0011130571365356,0.999127984046936,0.999796986579895,26664880,0.0,0.0
401,2024-09-27,0.999796986579895,1.0007599592208862,0.999131977558136,0.9999150037765503,20934679,0.0,0.0
402,2024-09-28,0.9999150037765503,1.000440001487732,0.9988909959793091,1.000277042388916,8466191,0.0,0.0
403,2024-09-29,1.000277042388916,1.000641942024231,0.9990800023078918,0.9997559785842896,6807709,0.0,0.0
404,2024-09-30,0.9997609853744507,1.0030289888381958,0.9973530173301697,0.9993150234222412,8730310,0.0,0.0
405,2024-10-01,0.9993150234222412,1.0005979537963867,0.9990829825401306,1.0001130104064941,16997212,0.0,0.0
406,2024-10-02,1.0001130104064941,1.0006179809570312,0.9991959929466248,0.9996709823608398,24259288,0.0,0.0
407,2024-10-03,0.9996650218963623,1.0012140274047852,0.9992449879646301,0.9997860193252563,18147751,0.0,0.0
408,2024-10-04,0.9997860193252563,1.0004229545593262,0.9994419813156128,1.0001239776611328,16227484,0.0,0.0
409,2024-10-05,1.0001239776611328,1.000309944152832,0.9995570182800293,0.9998760223388672,9856137,0.0,0.0
410,2024-10-06,0.9998760223388672,1.000512957572937,0.9992960095405579,0.9999669790267944,12799349,0.0,0.0
411,2024-10-07,0.9999669790267944,1.000169038772583,0.9982849955558777,0.9997490048408508,19296557,0.0,0.0
412,2024-10-08,0.9997490048408508,1.0000770092010498,0.9984409809112549,0.9984599947929382,23097046,0.0,0.0
413,2024-10-09,0.9996160268783569,1.0000940561294556,0.9983400106430054,0.9992510080337524,12412158,0.0,0.0
414,2024-10-10,0.9990630149841309,0.9999039769172668,0.9987149834632874,0.999763011932373,23643772,0.0,0.0
415,2024-10-11,0.999763011932373,1.000262975692749,0.9985030293464661,0.9998599886894226,24690303,0.0,0.0
416,2024-10-12,0.9998599886894226,1.0001319646835327,0.9989830255508423,0.999862015247345,13151246,0.0,0.0
417,2024-10-13,0.999862015247345,1.0003910064697266,0.9992319941520691,0.9994109869003296,7605735,0.0,0.0
418,2024-10-14,0.9994270205497742,1.0001829862594604,0.9981399774551392,0.9997850060462952,17238932,0.0,0.0
419,2024-10-15,0.9997850060462952,1.0009700059890747,0.9988639950752258,0.9998120069503784,11496787,0.0,0.0
420,2024-10-16,0.9998120069503784,1.0002750158309937,0.999422013759613,0.9995729923248291,13058665,0.0,0.0
421,2024-10-17,0.9995729923248291,1.0001989603042603,0.9989789724349976,0.9997270107269287,8896287,0.0,0.0
422,2024-10-18,0.9997270107269287,1.0000699758529663,0.9991099834442139,0.9993900060653687,8485366,0.0,0.0
423,2024-10-19,0.9993900060653687,0.9999099969863892,0.9991620182991028,0.9994469881057739,2998335,0.0,0.0
424,2024-10-20,0.9994469881057739,1.0002299547195435,0.9987339973449707,0.999862015247345,4367193,0.0,0.0
425,2024-10-21,0.9998630285263062,1.0005760192871094,0.9995480179786682,1.0000439882278442,20151863,0.0,0.0
426,2024-10-22,1.0000439882278442,1.0003119707107544,0.9990469813346863,0.9998340010643005,10801163,0.0,0.0
427,2024-10-23,0.9998340010643005,1.0002110004425049,0.9988250136375427,0.9997329711914062,11145950,0.0,0.0
428,2024-10-24,0.9991599917411804,0.9999930262565613,0.9986469745635986,0.9995319843292236,12058755,0.0,0.0
429,2024-10-25,0.9992709755897522,1.0001569986343384,0.9982950091362,0.9996749758720398,18721544,0.0,0.0
430,2024-10-26,0.9996749758720398,1.0003629922866821,0.9984679818153381,0.9998390078544617,7603088,0.0,0.0
431,2024-10-27,0.9998390078544617,1.0002110004425049,0.9962019920349121,0.9997699856758118,4352098,0.0,0.0
432,2024-10-28,0.999767005443573,1.0004969835281372,0.9989579916000366,0.9999250173568726,9810911,0.0,0.0
433,2024-10-29,0.9999250173568726,1.0003600120544434,0.9987540245056152,0.9996989965438843,12464740,0.0,0.0
434,2024-10-30,0.9996989965438843,0.9998959898948669,0.998511016368866,0.9994639754295349,12988654,0.0,0.0
435,2024-10-31,0.9994609951972961,0.999629020690918,0.9981679916381836,0.9984229803085327,52445278,0.0,0.0
436,2024-11-01,0.9984229803085327,0.9999889731407166,0.9981070160865784,0.999638020992279,33932324,0.0,0.0
437,2024-11-02,0.999638020992279,1.0000280141830444,0.9983779788017273,0.9995390176773071,3668953,0.0,0.0
438,2024-11-03,0.9995390176773071,0.9998409748077393,0.9983260035514832,0.9995920062065125,13847602,0.0,0.0
439,2024-11-04,0.9995920062065125,0.999809980392456,0.9983590245246887,0.9993420243263245,25453065,0.0,0.0
440,2024-11-05,0.9993420243263245,1.0002570152282715,0.9990490078926086,1.000067949295044,22144736,0.0,0.0
441,2024-11-06,1.000067949295044,1.0003739595413208,0.9982659816741943,0.9995980262756348,23235819,0.0,0.0
442,2024-11-07,0.9998040199279785,1.0000499486923218,0.9988610148429871,0.9995390176773071,24481632,0.0,0.0
443,2024-11-08,0.9990630149841309,1.0001469850540161,0.9980350136756897,0.9996439814567566,10052338,0.0,0.0
444,2024-11-09,0.9996439814567566,1.0002620220184326,0.9983069896697998,0.9997450113296509,9790312,0.0,0.0
445,2024-11-10,0.9997450113296509,1.0002280473709106,0.9982519745826721,0.9989789724349976,17686663,0.0,0.0
446,2024-11-11,0.9989789724349976,1.000656008720398,0.9986370205879211,0.9998270273208618,17463166,0.0,0.0
447,2024-11-12,0.9998270273208618,1.0003089904785156,0.9987019896507263,0.9994440078735352,35211131,0.0,0.0
448,2024-11-13,0.9994440078735352,1.0004609823226929,0.9983839988708496,0.9990000128746033,28091646,0.0,0.0
449,2024-11-14,0.9990000128746033,1.000082015991211,0.9978539943695068,0.9995750188827515,28815289,0.0,0.0
450,2024-11-15,0.9995750188827515,1.0004589557647705,0.9990100264549255,0.9994120001792908,25600082,0.0,0.0
451,2024-11-16,0.9997419714927673,1.0003160238265991,0.9989010095596313,0.9995049834251404,10864377,0.0,0.0
452,2024-11-17,0.9995049834251404,0.9999970197677612,0.9979619979858398,0.9997649788856506,15978842,0.0,0.0
453,2024-11-18,0.9997649788856506,1.0003290176391602,0.9983019828796387,0.9990900158882141,41567988,0.0,0.0
454,2024-11-19,0.9990900158882141,1.000277042388916,0.9983109831809998,0.9998930096626282,23038058,0.0,0.0
455,2024-11-20,0.9998930096626282,1.0000569820404053,0.9993870258331299,0.9994760155677795,17143529,0.0,0.0
456,2024-11-21,0.9994760155677795,1.0001749992370605,0.9981139898300171,0.9987199902534485,22158112,0.0,0.0
457,2024-11-22,0.9987840056419373,0.9999909996986389,0.9983230233192444,0.9996740221977234,12680765,0.0,0.0
458,2024-11-23,0.9996740221977234,1.0006170272827148,0.9986609816551208,0.9995070099830627,8382567,0.0,0.0
459,2024-11-24,0.9995070099830627,1.000188946723938,0.9982619881629944,0.9993550181388855,11496631,0.0,0.0
460,2024-11-25,0.9993550181388855,0.999925971031189,0.9975000023841858,0.9988669753074646,25262317,0.0,0.0
461,2024-11-26,0.9988669753074646,0.9999290108680725,0.9981769919395447,0.9989209771156311,18381196,0.0,0.0
462,2024-11-27,0.9989209771156311,1.000180959701538,0.998216986656189,0.9996700286865234,16034695,0.0,0.0
463,2024-11-28,0.9996700286865234,0.9997820258140564,0.9979339838027954,0.9983800053596497,16194304,0.0,0.0
464,2024-11-29,0.9983800053596497,1.0001499652862549,0.9982270002365112,0.999770998954773,9611280,0.0,0.0
465,2024-11-30,0.999770998954773,1.0002269744873047,0.9989349842071533,0.9992809891700745,6273035,0.0,0.0
466,2024-12-01,0.9992809891700745,1.0004340410232544,0.9988729953765869,0.9995999932289124,8090276,0.0,0.0
467,2024-12-02,0.9998850226402283,1.00040602684021,0.9987810254096985,1.0000029802322388,15553158,0.0,0.0
468,2024-12-03,1.0000070333480835,1.0001410245895386,0.9991409778594971,0.9996500015258789,13835609,0.0,0.0
469,2024-12-04,0.9996500015258789,1.000430941581726,0.9991120100021362,0.9997659921646118,15767572,0.0,0.0
470,2024-12-05,0.9997659921646118,1.0005420446395874,0.9986479878425598,1.0003819465637207,32894195,0.0,0.0
471,2024-12-06,0.9997910261154175,1.0000410079956055,0.9989960193634033,0.9991379976272583,20061598,0.0,0.0
472,2024-12-07,0.9991379976272583,1.0001230239868164,0.9988960027694702,0.9991880059242249,7859989,0.0,0.0
473,2024-12-08,0.9994149804115295,0.9999709725379944,0.998885989189148,0.9995430111885071,9348269,0.0,0.0
474,2024-12-09,0.9995570182800293,1.0000159740447998,0.9986060261726379,0.9990590214729309,36941338,0.0,0.0
475,2024-12-10,0.9990590214729309,1.0000669956207275,0.9986590147018433,0.9996200203895569,19640616,0.0,0.0
476,2024-12-11,0.9996230006217957,1.0002650022506714,0.9989529848098755,0.9999380111694336,17950140,0.0,0.0
477,2024-12-12,0.9999380111694336,1.0000760555267334,0.9987549781799316,0.9998930096626282,24048757,0.0,0.0
478,2024-12-13,0.9998930096626282,1.0002360343933105,0.9989029765129089,0.9992889761924744,9341704,0.0,0.0
479,2024-12-14,0.999862015247345,1.0000859498977661,0.9988229870796204,0.9997169971466064,5600577,0.0,0.0
480,2024-12-15,0.9997169971466064,1.0000029802322388,0.9990789890289307,0.9991999864578247,13380960,0.0,0.0
481,2024-12-16,0.9991999864578247,1.0000489950180054,0.9990659952163696,0.9996020197868347,11242659,0.0,0.0
482,2024-12-17,0.9996020197868347,1.000156044960022,0.9990149736404419,0.9997760057449341,21022177,0.0,0.0
483,2024-12-18,0.9997529983520508,1.0000989437103271,0.9992300271987915,0.999646008014679,19162479,0.0,0.0
484,2024-12-19,0.9996209740638733,1.0012409687042236,0.9991009831428528,1.000201940536499,21544225,0.0,0.0
485,2024-12-20,1.0001800060272217,1.0006970167160034,0.9982519745826721,0.999983012676239,20843439,0.0,0.0
486,2024-12-21,0.999983012676239,1.0005420446395874,0.9995970129966736,1.0001879930496216,8715566,0.0,0.0
487,2024-12-22,1.0001879930496216,1.0003279447555542,0.9989870190620422,0.9994670152664185,10666043,0.0,0.0
488,2024-12-23,0.9994670152664185,1.000148057937622,0.9992009997367859,0.9996150135993958,11391564,0.0,0.0
489,2024-12-24,0.9996150135993958,1.0005290508270264,0.9993079900741577,1.0001490116119385,11477236,0.0,0.0
490,2024-12-25,1.000148057937622,1.0002620220184326,0.9994990229606628,0.9997109770774841,7884344,0.0,0.0
491,2024-12-26,0.9997109770774841,1.0001120567321777,0.9993060231208801,0.9998859763145447,20537438,0.0,0.0
492,2024-12-27,0.9998840093612671,1.000251054763794,0.9995390176773071,0.9997599720954895,29736518,0.0,0.0
493,2024-12-28,0.9997599720954895,0.9999480247497559,0.9990609884262085,0.9994940161705017,26229115,0.0,0.0
494,2024-12-29,0.9994940161705017,1.0000640153884888,0.9993029832839966,0.9998930096626282,18203231,0.0,0.0
495,2024-12-30,0.9998930096626282,1.0003410577774048,0.9991719722747803,0.9996470212936401,26838850,0.0,0.0
496,2024-12-31,0.999646008014679,1.000072956085205,0.9981849789619446,0.9991369843482971,56259971,0.0,0.0
497,2025-01-01,0.9991369843482971,0.9997910261154175,0.9988240003585815,0.999563992023468,11448194,0.0,0.0
498,2025-01-02,0.999563992023468,1.0000280141830444,0.9993910193443298,0.9997169971466064,27660559,0.0,0.0
499,2025-01-03,0.9997010231018066,1.0002429485321045,0.9993969798088074,0.9998059868812561,25943871,0.0,0.0
500,2025-01-04,0.9998059868812561,1.0001089572906494,0.9995989799499512,0.9998810291290283,20808966,0.0,0.0
501,2025-01-05,0.9998810291290283,1.0001200437545776,0.9993190169334412,0.9995260238647461,16299722,0.0,0.0
502,2025-01-06,0.9995260238647461,1.000838041305542,0.9992849826812744,1.000223994255066,20716644,0.0,0.0
503,2025-01-07,1.0002180337905884,1.000404953956604,0.9993759989738464,0.9998890161514282,18592463,0.0,0.0
504,2025-01-08,0.9998859763145447,1.0000519752502441,0.9993939995765686,0.999638020992279,22139158,0.0,0.0
505,2025-01-09,0.999638020992279,1.000148057937622,0.9993690252304077,0.9996430277824402,17686288,0.0,0.0
506,2025-01-10,0.9996349811553955,0.9999750256538391,0.9992799758911133,0.9996820092201233,13705203,0.0,0.0
507,2025-01-11,0.9996830224990845,0.999858021736145,0.9990429878234863,0.9996240139007568,9665502,0.0,0.0
508,2025-01-12,0.9996240139007568,0.9997519850730896,0.9990419745445251,0.9993259906768799,6582775,0.0,0.0
509,2025-01-13,0.9993259906768799,1.0000829696655273,0.9988809823989868,0.9995779991149902,24999999,0.0,0.0
510,2025-01-14,0.9995779991149902,1.0000289678573608,0.9991719722747803,0.9995959997177124,16658503,0.0,0.0
511,2025-01-15,0.9995959997177124,0.9999380111694336,0.9989330172538757,0.9992960095405579,22008241,0.0,0.0
512,2025-01-16,0.9993000030517578,0.99965500831604,0.9987679719924927,0.9993739724159241,25064576,0.0,0.0
513,2025-01-17,0.9993739724159241,0.9999880194664001,0.9983289837837219,0.9991679787635803,22754850,0.0,0.0
514,2025-01-18,0.9991809725761414,0.9994350075721741,0.9981560111045837,0.9986760020256042,51042259,0.0,0.0
515,2025-01-19,0.9986770153045654,0.9999690055847168,0.9981430172920227,0.9994099736213684,63364147,0.0,0.0
516,2025-01-20,0.9994099736213684,1.0006979703903198,0.9988729953765869,1.0002609491348267,76583857,0.0,0.0
517,2025-01-21,1.0002609491348267,1.0006829500198364,0.9996489882469177,1.0000029802322388,46368549,0.0,0.0
518,2025-01-22,1.0000029802322388,1.0001800060272217,0.9991779923439026,0.999180018901825,38977291,0.0,0.0
519,2025-01-23,0.9991719722747803,1.0000640153884888,0.9991269707679749,0.9995520114898682,47263598,0.0,0.0
520,2025-01-24,0.9995520114898682,1.000033974647522,0.9989809989929199,0.9995859861373901,37707412,0.0,0.0
521,2025-01-25,0.999576985836029,0.9998869895935059,0.9994210004806519,0.9997159838676453,17585191,0.0,0.0
522,2025-01-26,0.9997159838676453,0.9999859929084778,0.999439001083374,0.9997609853744507,16924310,0.0,0.0
523,2025-01-27,0.9997450113296509,1.000622034072876,0.99931800365448,1.0002590417861938,70415676,0.0,0.0
524,2025-01-28,1.0002609491348267,1.0005439519882202,0.9986559748649597,0.9996020197868347,40595422,0.0,0.0
525,2025-01-29,0.9996020197868347,1.0001510381698608,0.9993550181388855,0.9999889731407166,31634436,0.0,0.0
526,2025-01-30,0.9999549984931946,1.000223994255066,0.9995250105857849,0.9995480179786682,21192269,0.0,0.0
527,2025-01-31,0.9995459914207458,1.000046968460083,0.9989370107650757,0.9994509816169739,26089959,0.0,0.0
528,2025-02-01,0.9994369745254517,1.0000070333480835,0.9990050196647644,0.9994800090789795,13135040,0.0,0.0
529,2025-02-02,0.9994800090789795,1.0001219511032104,0.9987720251083374,0.999114990234375,39504321,0.0,0.0
530,2025-02-03,0.9991160035133362,1.000412940979004,0.9987969994544983,0.9996820092201233,72142870,0.0,0.0
531,2025-02-04,0.9996820092201233,1.0003910064697266,0.9986299872398376,0.9994249939918518,44821901,0.0,0.0
532,2025-02-05,0.9994249939918518,0.9999610185623169,0.9986330270767212,0.9994239807128906,55036677,0.0,0.0
533,2025-02-06,0.9994239807128906,1.0003629922866821,0.9990580081939697,0.9998700022697449,68533995,0.0,0.0
534,2025-02-07,0.9998630285263062,1.0004570484161377,0.9992610216140747,1.000100016593933,59074462,0.0,0.0
535,2025-02-08,1.000100016593933,1.0005110502243042,0.9995920062065125,1.0000580549240112,19955426,0.0,0.0
536,2025-02-09,1.0000489950180054,1.000427007675171,0.9996839761734009,1.0000289678573608,29093280,0.0,0.0
537,2025-02-10,1.0000289678573608,1.0008560419082642,0.99931800365448,0.9997040033340454,41991060,0.0,0.0
538,2025-02-11,0.9996899962425232,1.0003269910812378,0.9989680051803589,0.9996830224990845,32056638,0.0,0.0
539,2025-02-12,0.9996809959411621,1.0005899667739868,0.9990910291671753,1.0001360177993774,44540916,0.0,0.0
540,2025-02-13,1.0001360177993774,1.000380039215088,0.9990519881248474,0.9999809861183167,31333841,0.0,0.0
541,2025-02-14,0.9999809861183167,1.0002690553665161,0.9989050030708313,0.9991359710693359,35056233,0.0,0.0
542,2025-02-15,0.9991359710693359,1.00028395652771,0.9987469911575317,1.000108003616333,15544124,0.0,0.0
543,2025-02-16,1.000108003616333,1.0004169940948486,0.9997419714927673,0.9999499917030334,16329052,0.0,0.0
544,2025-02-17,0.9999499917030334,1.0003629922866821,0.9996079802513123,0.9998769760131836,21459577,0.0,0.0
545,2025-02-18,0.9998769760131836,1.0006239414215088,0.9995859861373901,0.9999470114707947,54165432,0.0,0.0
546,2025-02-19,0.9999470114707947,1.000486969947815,0.9995840191841125,1.0000629425048828,40965305,0.0,0.0
547,2025-02-20,1.0000629425048828,1.000978946685791,0.9996970295906067,1.0,55109980,0.0,0.0
548,2025-02-21,1.0,1.0005040168762207,0.9993910193443298,0.9999939799308777,55116567,0.0,0.0
549,2025-02-22,0.9999939799308777,1.0008610486984253,0.9998890161514282,1.0001330375671387,11744746,0.0,0.0
550,2025-02-23,1.0001330375671387,1.000519037246704,0.999642014503479,0.9998509883880615,10585718,0.0,0.0
551,2025-02-24,0.9998509883880615,1.0002729892730713,0.9986270070075989,0.9990670084953308,37467717,0.0,0.0
552,2025-02-25,0.9990670084953308,1.0003290176391602,0.9983980059623718,0.9994999766349792,47191895,0.0,0.0
553,2025-02-26,0.9994999766349792,0.9999279975891113,0.9985690116882324,0.9992809891700745,35138701,0.0,0.0
554,2025-02-27,0.9992809891700745,1.000054955482483,0.9989619851112366,0.9994480013847351,16073001,0.0,0.0
555,2025-02-28,0.9994480013847351,1.0002809762954712,0.9992210268974304,0.9999930262565613,30520240,0.0,0.0
556,2025-03-01,0.9999930262565613,1.0002050399780273,0.9990779757499695,0.9996839761734009,16357992,0.0,0.0
557,2025-03-02,0.9996839761734009,1.0008900165557861,0.9994909763336182,0.9998869895935059,23999827,0.0,0.0
558,2025-03-03,0.9998869895935059,1.0001200437545776,0.9990350008010864,0.9996060132980347,24542669,0.0,0.0
559,2025-03-04,0.999638020992279,1.0003830194473267,0.9990580081939697,0.9999169707298279,25407171,0.0,0.0
560,2025-03-05,0.9999169707298279,1.0002659559249878,0.9994490146636963,1.0000569820404053,43004244,0.0,0.0
561,2025-03-06,1.0000569820404053,1.0008909702301025,0.9989680051803589,0.9996359944343567,208957778,0.0,0.0
562,2025-03-07,0.9996359944343567,1.0023269653320312,0.9983279705047607,0.9993420243263245,360909911,0.0,0.0
563,2025-03-08,0.9993420243263245,0.9999439716339111,0.9991589784622192,0.9996179938316345,318908026,0.0,0.0
564,2025-03-09,0.9996179938316345,1.0021660327911377,0.9988970160484314,0.9993450045585632,426198257,0.0,0.0
565,2025-03-10,0.9993450045585632,1.0002379417419434,0.9990389943122864,0.9994990229606628,562357669,0.0,0.0
566,2025-03-11,0.9995620250701904,1.001147985458374,0.9985089898109436,0.9994170069694519,457334279,0.0,0.0
567,2025-03-12,0.9994170069694519,1.0015039443969727,0.999206006526947,0.9994800090789795,360488482,0.0,0.0
568,2025-03-13,0.9994800090789795,1.0006940364837646,0.998989999294281,0.9995279908180237,313150638,0.0,0.0
569,2025-03-14,0.9995279908180237,1.0014560222625732,0.9980949759483337,1.0000239610671997,252840086,0.0,0.0
570,2025-03-15,1.0000239610671997,1.000491976737976,0.9988679885864258,0.9996320009231567,98896902,0.0,0.0
571,2025-03-16,0.9996320009231567,1.0008080005645752,0.9988030195236206,0.9994310140609741,165601567,0.0,0.0
572,2025-03-17,0.999442994594574,1.0007139444351196,0.9988890290260315,0.9997259974479675,235751069,0.0,0.0
573,2025-03-18,0.9996996521949768,0.9999722242355347,0.9989252090454102,0.9995551705360413,250161200,0.0,0.0
